place_id	name	address	distance_miles	google_phone	website	google_maps_url	rating	review_count	site_email	site_phone	contact_form_url	instagram_url	facebook_url	spa_type	team_label	junior_label	priority_score	contact_method	outreach_bucket	outreach_status	notes	crawl_status
ChIJbbApSM9bwokRCQvjuJcBGlI	Vast Medspa	537 Flatbush Ave, Brooklyn, NY 11225, United States	3.1	(347) 425-7555	https://www.vastmedspa.com/	https://www.google.com/maps/place/?q=place_id:ChIJbbApSM9bwokRCQvjuJcBGlI	5	75	jonpinhorn.typedesign@gmail.com; eben@eyebytes.com; info@vastmedspa.com	4637681159		instagram.com/vastmedspa		medical spa	UNKNOWN	NO	61	email	D			OK
ChIJyQBxpidFwokRgxV-7ccDMjw	IC Med SPA	1414 Sheepshead Bay Rd Suite 105, Brooklyn, NY 11235, United States	2.8	(929) 559-1398	https://ic-medspa.com/	https://www.google.com/maps/place/?q=place_id:ChIJyQBxpidFwokRgxV-7ccDMjw	5	12		8752758508	./contact	instagram.com/ic_med_spa_		medical spa	UNKNOWN	NO	53	form	D			OK
ChIJazDR1bdFwokRM6TIfZ0omAU	Angel Touch Medi Spa Brooklyn	76 Battery Ave, Brooklyn, NY 11228, United States	2.0	(917) 573-1929		https://www.google.com/maps/place/?q=place_id:ChIJazDR1bdFwokRM6TIfZ0omAU	5	4							UNKNOWN	NO	11	phone	D			NO_SITE
ChIJW00IHTBdwokRd51GxgAu5gA	The Med Spa - Wellness Center & Beauty B	4711 Church Ave, Brooklyn, NY 11203, United States	3.6	(929) 275-5622	https://www.theemedspanyc.com/	https://www.google.com/maps/place/?q=place_id:ChIJW00IHTBdwokRd51GxgAu5gA	5	12	themedspanyc@gmail.com; themedspanyc@gmail.com; themedspanyc@gmail.com	2545352419	https://www.theemedspanyc.com/contact-5	instagram.com/medspanyc	facebook.com/profile.php	medical spa	UNKNOWN	NO	68	email	D			OK
ChIJ_VfyOt5bwokRMu-HwijphAM	L'Elite MediSpa and Wellness BK	754 Nostrand Ave, Brooklyn, NY 11216, United States	4.1	(347) 627-3374	https://lelitemedispa.com/	https://www.google.com/maps/place/?q=place_id:ChIJ_VfyOt5bwokRMu-HwijphAM	4.8	123	info@lelitemedispa.com	8571428571	https://lelitemedispa.com/wp-content/plugins/constant-contact-forms/assets/css/style.css?ver=2.14.2		facebook.com/lelitemedispaservices	medical spa	TEAM	NO	99	email	C			OK
ChIJnx2R7qtFwokRY_SZoEy5WNw	RENŪ Medical Spa	2398 Coney Island Ave, Brooklyn, NY 11223, United States	1.9	(718) 576-1050		https://www.google.com/maps/place/?q=place_id:ChIJnx2R7qtFwokRY_SZoEy5WNw	5	10							UNKNOWN	NO	15	phone	D			NO_SITE
ChIJbe9EjxlFwokRTczDKq-hewQ	Medical Massage & Wellness, ESTHETICS	2606 East 16th Street, Brooklyn, NY 11235, United States	2.8	(347) 374-6068		https://www.google.com/maps/place/?q=place_id:ChIJbe9EjxlFwokRTczDKq-hewQ	5	85							UNKNOWN	NO	18	phone	D			NO_SITE
ChIJfScx-L9FwokRK2AcjZ6U9PY	Aestheticus	86 Brighton 1st Pl Ste# 1, Brooklyn, NY 11235, United States	3.1	(347) 374-5026	https://www.aestheticusny.com/	https://www.google.com/maps/place/?q=place_id:ChIJfScx-L9FwokRK2AcjZ6U9PY	5	135	admin@aestheticusny.com; admin@aestheticusny.com; admin@aestheticusny.com	1705464280		instagram.com/aestheticus_ny	facebook.com/2008	medical spa	TEAM	NO	89	email	C			OK
ChIJTVMzNixFwokRFXrLyQQNZb0	Nova Vue Med Spa	2965 Ocean Pkwy 6th Floor, Brooklyn, NY 11235, United States	3.0	(929) 383-2525	https://novavuemedspa.com/	https://www.google.com/maps/place/?q=place_id:ChIJTVMzNixFwokRFXrLyQQNZb0	4.4	5	novavuemedspa@gmail.com; novavuemedspa@gmail.com; novavuemedspa@gmail.com	1765564117		instagram.com/novavuemedspa		medical spa	UNKNOWN	NO	51	email	D			OK
ChIJu8_6yZVEwokRa2oIdMsMXK8	Lavish Lab	2113 Avenue U, Brooklyn, NY 11229, United States	2.3	(718) 521-6320		https://www.google.com/maps/place/?q=place_id:ChIJu8_6yZVEwokRa2oIdMsMXK8	4.7	186							UNKNOWN	NO	21	phone	D			NO_SITE
ChIJeyqcuupEwokRT29dyG9Tjnc	Nouvelle Vie Med Spa	1502 E 14th St Ste 2, Brooklyn, NY 11230, United States	1.4	(347) 509-5772	https://nouvelleviemedspa.com/	https://www.google.com/maps/place/?q=place_id:ChIJeyqcuupEwokRT29dyG9Tjnc	4	39	drmarkmedspa@gmail.com	1686352896	https://nouvelleviemedspa.com/index.php/contact-us/	instagram.com/nvmedspa	facebook.com/Nouvellevieny	medical spa	UNKNOWN	NO	68	email	D			OK
ChIJmyuoV8NzREARB7EO7dSMpyc	Original Thai Massage	12 Ilia Chavchavadze Avenue, Tbilisi, Georgia	5580.6	579 34 49 11	https://www.facebook.com/groups/906766688153357	https://www.google.com/maps/place/?q=place_id:ChIJmyuoV8NzREARB7EO7dSMpyc	4.9	109		9067666881			facebook.com/groups	salon	UNKNOWN	NO	34	social	D			OK
ChIJsSy05wlFwokRQvxUU6xEZ4A	Milady Spa	1616 Sheepshead Bay Rd, Brooklyn, NY 11235, United States	2.8	(347) 946-0606	https://www.miladyspa.com/	https://www.google.com/maps/place/?q=place_id:ChIJsSy05wlFwokRQvxUU6xEZ4A	5	24		347-946-0606	information/contact_us.html	instagram.com/milady_spa	facebook.com/milady.spa	medical spa	UNKNOWN	NO	53	form	D			OK
ChIJo6H6uapFwokRPINaRPYRf0g	Medspa of New York	1661 Sheepshead Bay Rd 3rd floor, Brooklyn, NY 11235, United States	2.9	(972) 904-4255	https://medspaofnewyork.com/	https://www.google.com/maps/place/?q=place_id:ChIJo6H6uapFwokRPINaRPYRf0g	5	9		(929) 615-9762	https://medspaofnewyork.com/contact-us/	instagram.com/medspaofnewyork	facebook.com/medspaofnewyork	medical spa	TEAM	NO	74	form	C			OK
ChIJI5n2PpJbwokRdXMUNW9DrQk	Resilience Med Spa	758 5th avenue entrance on 2nd floor, 758 5th Ave, Brooklyn, NY 11232, United States	2.8	(718) 576-3792	http://www.resiliencemedspa.com/	https://www.google.com/maps/place/?q=place_id:ChIJI5n2PpJbwokRdXMUNW9DrQk	4.2	52	resiliencemedspa@gmail.com	(347) 356-2182	https://www.resiliencemedspa.com/wp-content/plugins/contact-form-7/includes/css/styles.css?ver=6.1.4	instagram.com/resiliencemedspa		medical spa	UNKNOWN	NO	68	email	D			OK
ChIJn72YtYJFwokRSPG2hjE6LkU	Vera Levter NP in Family Health	2084 E 8th St, Brooklyn, NY 11223, United States	1.9	(929) 554-1004		https://www.google.com/maps/place/?q=place_id:ChIJn72YtYJFwokRSPG2hjE6LkU	5	20							UNKNOWN	NO	15	phone	D			NO_SITE
ChIJqa5hc2tbwokRLCdDM71WxPA	Zen Essence Spa & Wellness LLC	1115 Flatbush Ave Suite # 8, Brooklyn, NY 11226, United States	2.2	(718) 804-3618	http://www.zenessencespaandwellness.com/	https://www.google.com/maps/place/?q=place_id:ChIJqa5hc2tbwokRLCdDM71WxPA	5	9	filler@godaddy.com; filler@godaddy.com	3524835253				salon	TEAM	NO	56	email	C			OK
ChIJX41ynpJDwokRrUP4O-o85W0	PBK Medspa	1584 E 66th St, Brooklyn, NY 11234, United States	3.9	(718) 444-4468	http://pbkmedspa.com/	https://www.google.com/maps/place/?q=place_id:ChIJX41ynpJDwokRrUP4O-o85W0	5	139	pbkmedspa@gmail.com; seo.loginuser@growth99.com; pbkmedspa@gmail.com	718-444-4468	https://pbkmedspa.com/contact/	instagram.com/pbkmedspa	facebook.com/PBMEDSPA	medical spa	TEAM	NO	99	email	C			OK
ChIJL43aXVNzREAR75hhSaETPbE	Healthy Space	37 Zhiuli Shartava St, Tbilisi 0160, Georgia	5579.4	591 88 63 29	https://healthyspace-massage.com/	https://www.google.com/maps/place/?q=place_id:ChIJL43aXVNzREAR75hhSaETPbE	4.9	85							UNKNOWN	NO	23	phone	D			TIMEOUT
ChIJZ-DA7opPwokRbeyofSu3tSc	The Green Spa & Wellness Center	8804 3rd Ave, Brooklyn, NY 11209, United States	2.4	(718) 921-6100	https://greenspany.com/?y_source=1_MTA5ODkxNDkyNy03MTUtbG9jYXRpb24ud2Vic2l0ZQ%3D%3D	https://www.google.com/maps/place/?q=place_id:ChIJZ-DA7opPwokRbeyofSu3tSc	4.5	244	info@greenspany.com	(718) 921-6100	https://greenspany.com/contact/	instagram.com/thegreenspa	facebook.com/TheGreenSpa	day spa	SOLO	NO	59	email	D			OK
ChIJVRIwXgBFwokRB0ZPJtVdSTk	Sunshine Spa	8314 5th Ave, Brooklyn, NY 11209, United States	2.1	(718) 666-3354	http://www.sunshinespa8.com/	https://www.google.com/maps/place/?q=place_id:ChIJVRIwXgBFwokRB0ZPJtVdSTk	4.7	44	sunshinespa8inc@gmail.com; sunshinespa8inc@gmail.com	718-666-3354				salon	UNKNOWN	NO	38	email	D			OK
ChIJkwK8SG0NREAR23bLRYe2lG0	Deluxe Georgian healthful massage	1 Metekhi St, Tbilisi 0103, Georgia	5582.8	598 56 30 57	https://deluxespa.ge/	https://www.google.com/maps/place/?q=place_id:ChIJkwK8SG0NREAR23bLRYe2lG0	4.8	4	contact@deluxespa.ge; contact@deluxespa.ge	1749897147	https://deluxespa.ge/wp-content/plugins/contact-form-7/includes/css/styles.css?ver=5.7.6			salon	UNKNOWN	NO	41	email	D			OK
ChIJ8Xv0KecNREARPJ9UzfgO_Vo	Anna Relax THAI Massage	14 Pavle Ingorokva St, Tbilisi 0108, Georgia	5582.1	591 03 83 46	https://anna-relax.com/	https://www.google.com/maps/place/?q=place_id:ChIJ8Xv0KecNREARPJ9UzfgO_Vo	4.7	87		1765377545	#contact		facebook.com/annarelaxthaimassagetbilisi	salon	UNKNOWN	NO	41	form	D			OK
ChIJAQDACdwMREARU3NBW-1-_iw	Anne Semonin Spa	1 Rose Revolution Square, Tbilisi, Georgia	5581.5	032 240 22 01	https://annesemoninspa.ge/	https://www.google.com/maps/place/?q=place_id:ChIJAQDACdwMREARU3NBW-1-_iw	4.2	138						salon	UNKNOWN	NO	23	phone	D			OK
ChIJRz36fSMNREARsGKxqGLUCs4	Ban na thai massage & spa	Shots 14 Shota Rustaveli Ave, Tbilisi, Georgia	5581.9	591 04 36 18	https://bannaspa.ge/	https://www.google.com/maps/place/?q=place_id:ChIJRz36fSMNREARsGKxqGLUCs4	4.9	370		1241717689				salon	UNKNOWN	NO	26	phone	D			OK
ChIJEf5bDI0NREARuO2lpXnIJzU	PÜROVEL SPA & SPORT	3 SOLIKO VIRSALADZE STREET Swissotel, Tbilisi 0108, Georgia	5581.9	032 220 20 73	https://www.swissotel.com/hotels/tbilisi/	https://www.google.com/maps/place/?q=place_id:ChIJEf5bDI0NREARuO2lpXnIJzU	4.6	28	hb8i0@swissotel.com; hb8i0@swissotel.com; hb8i0@swissotel.com	5743206317	https://www.swissotel.com/contact-us/	instagram.com/swissotelhotelsresorts	facebook.com/2008	salon	TEAM	NO	78	email	C			OK
ChIJrcaok_YNREARbY9XlYq0Y1k	Sala Spa & Thai Massage Tbilisi	28 Shota Rustaveli Ave, Tbilisi 0108, Georgia	5581.7	591 40 87 01	https://sala.ge/	https://www.google.com/maps/place/?q=place_id:ChIJrcaok_YNREARbY9XlYq0Y1k	4.9	1108	info@sala.ge	9955914087	#contact			salon	UNKNOWN	NO	51	email	D			OK
ChIJGc95-YoNREARMhQ-ltonwM0	Massage Salon Orchid	115 Davit Aghmashenebeli Ave, Tbilisi, Georgia	5581.1	599 09 00 62	https://www.instagram.com/massage_center_orchid?igsh=OGQ5ZDc2ODk2ZA%3D%3D&utm_source=qr	https://www.google.com/maps/place/?q=place_id:ChIJGc95-YoNREARMhQ-ltonwM0	5	446		5248981806		instagram.com/rsrc.php		salon	UNKNOWN	NO	34	social	D			OK
ChIJ0Tk5iFAMREARhIqIcFZto9o	Sam Raan Spa & Wellness Center	14, Ialbuzi street, 24 300 Aragveli street, Tbilisi 0144, Georgia	5583.5	032 215 77 15	https://samraan.com/	https://www.google.com/maps/place/?q=place_id:ChIJ0Tk5iFAMREARhIqIcFZto9o	4.6	436		1771821053	https://samraan.com/web/en/contact	instagram.com/samraanspa	facebook.com/SamRaanSpa.WellnessCenter	salon	UNKNOWN	NO	44	form	D			OK
ChIJ1W2XUfYMREARbXZYe4ZHMYY	Gulo's Thermal Spa	MRQ6+4F6, Ioseb Grishashvili St, Tbilisi, Georgia	5582.9	599 58 81 22	https://m.facebook.com/profile.php/?id=100064514094111	https://www.google.com/maps/place/?q=place_id:ChIJ1W2XUfYMREARbXZYe4ZHMYY	4	1162		7593181097			facebook.com/login	salon	TEAM	NO	56	social	C			OK
ChIJlTAAft1EwokR3acGnzJxmY8	WORLD SPA	1571 McDonald Ave, Brooklyn, NY 11230, United States	0.7	(718) 500-3772	http://worldspa.com/	https://www.google.com/maps/place/?q=place_id:ChIJlTAAft1EwokR3acGnzJxmY8	4.3	4023		1761764551	https://worldspa.com/wp-content/plugins/contact-form-7/includes/css/styles.css	instagram.com/worldspanyc	facebook.com/tr	salon	TEAM	NO	66	form	C			OK
ChIJJRVpZqUNREAROo5nYSXeX7U	Aroma Thai Massage And Spa (in Tbilisi)	T, 20 Shota Rustaveli Ave, Tbilisi 0108, Georgia	5581.8	557 62 63 62	http://www.aromathaimassageandspa.com/	https://www.google.com/maps/place/?q=place_id:ChIJJRVpZqUNREAROo5nYSXeX7U	4.9	551	noohong305@gmail.com; noohong305@gmail.com; noohong305@gmail.com	2545352419	https://www.instagram.com/invites/contact/?i=110atimyrewbl&amp;utm_content=osay6fc	instagram.com/invites	facebook.com/Aroma	salon	UNKNOWN	NO	59	email	D			OK
ChIJZUbjgqlzREARYFULT4BhFCg	Massage in Tbilisi	Gazafkhuli, ulica N4A, Tbilisi, Georgia	5578.4	511 13 21 77		https://www.google.com/maps/place/?q=place_id:ChIJZUbjgqlzREARYFULT4BhFCg	5	1							UNKNOWN	NO	11	phone	D			NO_SITE
ChIJ488qLIwNREARzXn7QIeE41I	Health Massage Centre	28 Kote Afkhazi St, Tbilisi, Georgia	5582.5	557 44 44 14	https://healthmassagecenter.ge/	https://www.google.com/maps/place/?q=place_id:ChIJ488qLIwNREARzXn7QIeE41I	4.9	1084	info@healthmassagecenter.ge; info@healthmassagecenter.ge	1696050778		instagram.com/healthmassagecenter	facebook.com/healthmassagecenter.ge	day spa	UNKNOWN	NO	49	email	D			OK
ChIJfxxbU5JzREARrX_oDfkNwPI	ქართული სპა • Georgian Spa	64 Zakaria Paliashvili Street, Tbilisi 0179, Georgia	5580.2	599 86 07 07		https://www.google.com/maps/place/?q=place_id:ChIJfxxbU5JzREARrX_oDfkNwPI	5	3							UNKNOWN	NO	11	phone	D			NO_SITE
ChIJNe85Te5FwokRobOIn-HtXuE	Organic Spa	174 Bay 19th St, Brooklyn, NY 11214, United States	1.5	(516) 912-3526	http://organicspa.nyc/	https://www.google.com/maps/place/?q=place_id:ChIJNe85Te5FwokRobOIn-HtXuE	4.8	29	info@organicspa.nyc; info@organicspa.nyc	2222222222	https://organicspa.nyc/wp-content/plugins/contact-form-7/includes/css/styles.css?ver=5.7.7			salon	UNKNOWN	NO	45	email	D			OK
ChIJTSF3eRVjwokRsvExCQZlYXU	The Party Spa	1546 Bergen St BSMT, Brooklyn, NY 11213, United States	4.8	(718) 483-8059	http://www.thepartyspa.com/	https://www.google.com/maps/place/?q=place_id:ChIJTSF3eRVjwokRsvExCQZlYXU	5	61		2545352419		instagram.com/thepartyspa	facebook.com/thehandsonexperiencepartyspa	salon	UNKNOWN	NO	31	social	D			OK
ChIJGVjNJkVbwokRWIh6PzN5D-E	Hermie salon/keratin salon /slikpress sa	1732 Nostrand Ave, Brooklyn, NY 11226, United States	2.6	(718) 287-6537	http://www.hermiesalon.com/	https://www.google.com/maps/place/?q=place_id:ChIJGVjNJkVbwokRWIh6PzN5D-E	4.6	536	hermiesalon@gmail.com; hermiesalon@gmail.com; hermiesalon@gmail.com	(718) 287-6537			facebook.com/simplybook	salon	UNKNOWN	NO	49	email	D			OK
ChIJPW-tjDNzREAR65a2FS5gqyA	Beauty Salon LORO	Z, 60 Zakaria Paliashvili Street, Tbilisi 0179, Georgia	5580.2	597 05 41 46	http://loro-salon.com/	https://www.google.com/maps/place/?q=place_id:ChIJPW-tjDNzREAR65a2FS5gqyA	4.8	183							UNKNOWN	NO	26	phone	D			TIMEOUT
ChIJVUgLBnpzREARuOh439uUYkE	სალონი ლედი დიორ | Lady Dior	28 Archil Tsagareli St, Tbilisi, Georgia	5579.5	558 99 12 81		https://www.google.com/maps/place/?q=place_id:ChIJVUgLBnpzREARuOh439uUYkE	4.9	11							UNKNOWN	NO	15	phone	D			NO_SITE
ChIJw1UOKc0MREARxXtyeNc2-H8	Beauty salon BROW & LASH BAR	21 Zakaria Paliashvili Street, Tbilisi 0179, Georgia	5580.6	555 94 33 49	https://n129312.alteg.io/	https://www.google.com/maps/place/?q=place_id:ChIJw1UOKc0MREARxXtyeNc2-H8	4.8	693		1241717689				salon	UNKNOWN	NO	26	phone	D			OK
ChIJKxh_otlyREARPOQ47Ovb6wE	Beauty Salon Exclusive	7 Vakhtang Chabukiani St, Tbilisi, Georgia	5579.8	574 00 52 52		https://www.google.com/maps/place/?q=place_id:ChIJKxh_otlyREARPOQ47Ovb6wE	4.7	82							UNKNOWN	NO	18	phone	D			NO_SITE
ChIJlW_84EhsREARKQ2SeU4Bqok	Elena	27 Omar Khizanishvili St, Tbilisi, Georgia	5577.8	599 75 57 52		https://www.google.com/maps/place/?q=place_id:ChIJlW_84EhsREARKQ2SeU4Bqok	4.6	18							UNKNOWN	NO	15	phone	D			NO_SITE
ChIJ-SMxnzINREARPKB-96wONtk	Ruby Hair Salon	28 Alexander Griboedov St, Tbilisi, Georgia	5581.5	511 22 20 45	https://www.instagram.com/rubyhair_ge/	https://www.google.com/maps/place/?q=place_id:ChIJ-SMxnzINREARPKB-96wONtk	4.8	286		2700518754		instagram.com/rsrc.php		salon	UNKNOWN	NO	34	social	D			OK
ChIJX85jyWwNREARwiP_KLNsgqo	Beauty Salon Hebe	4 Mtskheta St, Tbilisi 0179, Georgia	5580.6	598 43 20 25	http://facebook.com/BeautySalonHebe/	https://www.google.com/maps/place/?q=place_id:ChIJX85jyWwNREARwiP_KLNsgqo	4.2	5		1000288427			facebook.com/BeautySalonHebe	salon	UNKNOWN	NO	21	social	D			OK
ChIJ_UuqC3dzREARcKKHaro_L8U	Nail beauty studio	13 Alexander Kazbegi Ave, Tbilisi, Georgia	5579.3	591 81 25 25		https://www.google.com/maps/place/?q=place_id:ChIJ_UuqC3dzREARcKKHaro_L8U	3.7	87							UNKNOWN	NO	12	phone	D			NO_SITE
ChIJRavq93WHZ0ARo7YsGgtXza4	Sakura Beauty&Esthetics	58 Parnavaz Mepe St, Batumi 6004, Georgia	5472.6	0422 30 07 77	https://sakura-beauty.ge/	https://www.google.com/maps/place/?q=place_id:ChIJRavq93WHZ0ARo7YsGgtXza4	4.6	29		1779667200		instagram.com/sakurabeautyandspa	facebook.com/61559960944836	salon	UNKNOWN	NO	28	social	D			OK
ChIJp_lT5HpzREARleezwAnf-CE	"Beauty Center ""Bohema"""	32 Alexander Kazbegi Ave, Tbilisi, Georgia	5578.7	596 82 32 32		https://www.google.com/maps/place/?q=place_id:ChIJp_lT5HpzREARleezwAnf-CE	4.8	47							UNKNOWN	NO	18	phone	D			NO_SITE
ChIJ1_Ugy3dzREAR7DxOR51vmT4	სილამაზის სალონი შარმი - Beauty Salon Sh	3 David Guramishvili Ave, Tbilisi 0192, Georgia	5578.9	599 20 61 15		https://www.google.com/maps/place/?q=place_id:ChIJ1_Ugy3dzREAR7DxOR51vmT4	4	12							UNKNOWN	NO	12	phone	D			NO_SITE
ChIJFXey5MNtREARH2T4WrXY-Kc	Beauty 18	Building 18, 1 Kvishkheti St, Tbilisi 0180, Georgia	5578.2	500 50 13 51	http://wa.me/995500501351	https://www.google.com/maps/place/?q=place_id:ChIJFXey5MNtREARH2T4WrXY-Kc	5	19		7593181256	https://www.whatsapp.com/contact	instagram.com/whatsapp	facebook.com/profile.php	salon	TEAM	NO	63	form	C			OK
